{"Accuracy: ": 83.05084745762711, "Class 0: ": {"Precision": 0.9, "Recall": 0.75, "F1": 0.8181818181818181}, "Class 1: ": {"Precision": 0.7794117647058824, "Recall": 0.9137931034482759, "F1": 0.8412698412698413}}